---------------------------------------------------Insert---------------------------------------------------------------------
use PHMS;


--------------------------------------Patient--------------------------------------------------------------------------------

insert into Patient(PatID, FirstName, LastName, DoB, Street, City, State, ZipCode, PhoneNo, EmailAddress) values (101, 'Oscar' ,'Yang','1962-06-10', '2210 Elmwood Avenue', 'Mesa', 'Arizona',85201,4809625179, 'oscar.yang@gmail.com');
insert into Patient(PatID, FirstName, LastName, DoB, Street, City, State, ZipCode, PhoneNo, EmailAddress) values (102, 'Richard' ,'Rice','1962-10-14', '4013 Southern Avenue', 'Eureka', 'Missouri',63025,6369382484, 'richard.rice@gmail.com');
insert into Patient(PatID, FirstName, LastName, DoB, Street, City, State, ZipCode, PhoneNo, EmailAddress) values (103, 'Joshua' ,'Dean','1963-04-13', '4877 Lynch Street', 'Oakland', 'California',94612,9252096032, 'joshua.dean@gmail.com');
insert into Patient(PatID, FirstName, LastName, DoB, Street, City, State, ZipCode, PhoneNo, EmailAddress) values (104, 'William' ,'Ruiz','1963-12-22', '1356 Worthington Drive', 'Red Oak', 'Texas',75154,9725767414, 'william.ruiz@gmail.com');
insert into Patient(PatID, FirstName, LastName, DoB, Street, City, State, ZipCode, PhoneNo, EmailAddress) values (105, 'Joseph' ,'Kent','1964-06-16', '157 Lynn Ogden Lane', 'Beaumont', 'Texas',77705,4098407436, 'joseph.kent@gmail.com');
insert into Patient(PatID, FirstName, LastName, DoB, Street, City, State, ZipCode, PhoneNo, EmailAddress) values (106, 'Joshua' ,'Alexander','1967-07-16', '2132 Haul Road', 'Lansing', 'Ohio',43934,6509955757, 'joshua.alexander@gmail.com');
insert into Patient(PatID, FirstName, LastName, DoB, Street, City, State, ZipCode, PhoneNo, EmailAddress) values (107, 'Robert' ,'Richards','1968-12-29', '3600 Holt Street', 'West Palm Beach', 'Florida',33410,5612612075, 'robert.richards@gmail.com');
insert into Patient(PatID, FirstName, LastName, DoB, Street, City, State, ZipCode, PhoneNo, EmailAddress) values (108, 'David' ,'Mejia','1970-05-14', '3444 Libby Street', 'Beverly Hills', 'California',90210,3102767127, 'david.mejia@gmail.com');
insert into Patient(PatID, FirstName, LastName, DoB, Street, City, State, ZipCode, PhoneNo, EmailAddress) values (109, 'Jeffrey' ,'Sutton','1973-12-03', '1468 Midway Road', 'Ratcliff', 'Arkansas',72951,4796353319, 'jeffrey.sutton@gmail.com');
insert into Patient(PatID, FirstName, LastName, DoB, Street, City, State, ZipCode, PhoneNo, EmailAddress) values (110, 'Ronald' ,'Mitchell','1974-02-06', '1962 Oakwood Circle', 'Riverside', 'California',92501,9493181359, 'ronald.mitchell@gmail.com');
insert into Patient(PatID, FirstName, LastName, DoB, Street, City, State, ZipCode, PhoneNo, EmailAddress) values (111, 'Micheal' ,'Hall','1974-06-10', '13 Desert Broom Court', 'Jersey City', 'New Jersey',73040,2017183614, 'micheal.hall@gmail.com');
insert into Patient(PatID, FirstName, LastName, DoB, Street, City, State, ZipCode, PhoneNo, EmailAddress) values (112, 'Joshua' ,'Noble','1976-02-20', '2688 Pritchard Court', 'Owatonna', 'Minnesota',55060,5074087953, 'joshua.noble@gmail.com');
insert into Patient(PatID, FirstName, LastName, DoB, Street, City, State, ZipCode, PhoneNo, EmailAddress) values (113, 'Brett' ,'Walker','1978-01-29', '3881 Heron Way', 'Portland', 'Oregon',97205,5038304159, 'brett.walker@gmail.com');
insert into Patient(PatID, FirstName, LastName, DoB, Street, City, State, ZipCode, PhoneNo, EmailAddress) values (114, 'Mark' ,'Swanson','1979-10-18', '2166 Tibbs Avenue', 'Helena', 'Montana',59601,4067818712, 'mark.swanson@gmail.com');
insert into Patient(PatID, FirstName, LastName, DoB, Street, City, State, ZipCode, PhoneNo, EmailAddress) values (115, 'John' ,'Thompson','1981-09-27', '4962 Pearl Street', 'Sacramento', 'California',95814,9163164566, 'john.thompson@gmail.com');
insert into Patient(PatID, FirstName, LastName, DoB, Street, City, State, ZipCode, PhoneNo, EmailAddress) values (116, 'Lauren' ,'Kim','1983-07-05', '1905 Simpson Avenue', 'Akron', 'Pennsylvania',17501,7178590339, 'lauren.kim@gmail.com');
insert into Patient(PatID, FirstName, LastName, DoB, Street, City, State, ZipCode, PhoneNo, EmailAddress) values (117, 'Alisha' ,'Smith','1984-06-19', '2899 Buffalo Creek Road', 'Franklin', 'Tennessee',37064,6157940426, 'alisha.smith@gmail.com');
insert into Patient(PatID, FirstName, LastName, DoB, Street, City, State, ZipCode, PhoneNo, EmailAddress) values (118, 'Laura' ,'Rodgers','1986-10-16', '4305 Godfrey Street', 'Hillsboro', 'Oregon',97123,5036286733, 'laura.rodgers@gmail.com');
insert into Patient(PatID, FirstName, LastName, DoB, Street, City, State, ZipCode, PhoneNo, EmailAddress) values (119, 'Margaret' ,'Powers','1991-01-02', '4935 Catherine Drive', 'East Grand Forks', 'North Dakota',56721,7013179341, 'margaret.powers@gmail.com');
insert into Patient(PatID, FirstName, LastName, DoB, Street, City, State, ZipCode, PhoneNo, EmailAddress) values (120, 'Amy' ,'Phelps','1991-01-15', '364 Bingamon Branch Road', 'Sullivan', 'Wisconsin',53178,8472445848, 'amy.phelps@gmail.com');
insert into Patient(PatID, FirstName, LastName, DoB, Street, City, State, ZipCode, PhoneNo, EmailAddress) values (121, 'Veronica' ,'Dawson','1991-12-10', '921 Marie Street', 'Annapolis', 'Maryland',21401,4108587688, 'veronica.dawson@gmail.com');
insert into Patient(PatID, FirstName, LastName, DoB, Street, City, State, ZipCode, PhoneNo, EmailAddress) values (122, 'Amanda' ,'Lucero','1992-12-06', '2951 Olen Thomas Drive', 'Wichita Falls', 'Texas',76301,9405576186, 'amanda.lucero@gmail.com');
insert into Patient(PatID, FirstName, LastName, DoB, Street, City, State, ZipCode, PhoneNo, EmailAddress) values (123, 'Tonya' ,'Miller','1994-07-03', '1311 Rafe Lane', 'Greenwood', 'Mississippi',38930,6627142782, 'tonya.miller@gmail.com');
insert into Patient(PatID, FirstName, LastName, DoB, Street, City, State, ZipCode, PhoneNo, EmailAddress) values (124, 'Karen' ,'Maynard','1999-02-18', '599 Lilac Lane', 'Darien', 'Georgia',31305,9124377159, 'karen.maynard@gmail.com');
insert into Patient(PatID, FirstName, LastName, DoB, Street, City, State, ZipCode, PhoneNo, EmailAddress) values (125, 'Alyssa' ,'Miranda','1999-04-01', '3128 Tori Lane', 'Greenview', 'Illinois',62642,8016455363, 'alyssa.miranda@gmail.com');
insert into Patient(PatID, FirstName, LastName, DoB, Street, City, State, ZipCode, PhoneNo, EmailAddress) values (126, 'Jennifer' ,'Harrington','1964-03-08', '41 Spadafore Drive', 'State College', 'Pennsylvania',16801,8147150156, 'jennifer.harrington@gmail.com');
insert into Patient(PatID, FirstName, LastName, DoB, Street, City, State, ZipCode, PhoneNo, EmailAddress) values (127, 'Stacy' ,'White','1968-10-26', '3915 Rhapsody Street', 'Inverness', 'Florida',32650,3523446389, 'stacy.white@gmail.com');
insert into Patient(PatID, FirstName, LastName, DoB, Street, City, State, ZipCode, PhoneNo, EmailAddress) values (128, 'Amanda' ,'Le','1984-06-17', '1271 Summit Park Avenue', 'Southfield', 'Michigan',48034,2489482017, 'amanda.le@gmail.com');
insert into Patient(PatID, FirstName, LastName, DoB, Street, City, State, ZipCode, PhoneNo, EmailAddress) values (129, 'Tracy' ,'Peterson','1988-02-08', '4976 McKinley Avenue', 'Denver', 'Colorado',80202,3038072071, 'tracy.peterson@gmail.com');
insert into Patient(PatID, FirstName, LastName, DoB, Street, City, State, ZipCode, PhoneNo, EmailAddress) values (130, 'Amy' ,'Martin','1992-11-16', '2078 Red Dog Road', 'Charlotte', 'North Carolina',28202,7043395859, 'amy.martin@gmail.com');

----------------------------------------------PatientDemographics----------------------------------------------------------------


insert into PatientDemographics(PatID, Gender, Race, Ethnicity, MaritalStatus, EmploymentStatus) values (101, 'M','Other', 'Non Hispanic', 'Unavailable', 'Unemployed');
insert into PatientDemographics(PatID, Gender, Race, Ethnicity, MaritalStatus, EmploymentStatus) values (102, 'M','Other', 'Unavailable', 'Married', 'Retired');
insert into PatientDemographics(PatID, Gender, Race, Ethnicity, MaritalStatus, EmploymentStatus) values (103, 'M','Black', 'Hispanic', 'Single', 'Unavailable');
insert into PatientDemographics(PatID, Gender, Race, Ethnicity, MaritalStatus, EmploymentStatus) values (104, 'M','Black', 'Hispanic', 'Single', 'Unavailable');
insert into PatientDemographics(PatID, Gender, Race, Ethnicity, MaritalStatus, EmploymentStatus) values (105, 'M','Asian', 'Unavailable', 'Married', 'Employed');
insert into PatientDemographics(PatID, Gender, Race, Ethnicity, MaritalStatus, EmploymentStatus) values (106, 'M','White', 'Non Hispanic', 'Single', 'Unemployed');
insert into PatientDemographics(PatID, Gender, Race, Ethnicity, MaritalStatus, EmploymentStatus) values (107, 'M','Black', 'Hispanic', 'Unavailable', 'Retired');
insert into PatientDemographics(PatID, Gender, Race, Ethnicity, MaritalStatus, EmploymentStatus) values (108, 'M','Unavailable', 'Hispanic', 'Unavailable', 'Unemployed');
insert into PatientDemographics(PatID, Gender, Race, Ethnicity, MaritalStatus, EmploymentStatus) values (109, 'M','White', 'Non Hispanic', 'Divorced', 'Unemployed');
insert into PatientDemographics(PatID, Gender, Race, Ethnicity, MaritalStatus, EmploymentStatus) values (110, 'M','Unavailable', 'Non Hispanic', 'Unavailable', 'Unemployed');
insert into PatientDemographics(PatID, Gender, Race, Ethnicity, MaritalStatus, EmploymentStatus) values (111, 'M','White', 'Hispanic', 'Single', 'Employed');
insert into PatientDemographics(PatID, Gender, Race, Ethnicity, MaritalStatus, EmploymentStatus) values (112, 'M','Unavailable', 'Hispanic', 'Married', 'Unemployed');
insert into PatientDemographics(PatID, Gender, Race, Ethnicity, MaritalStatus, EmploymentStatus) values (113, 'M','Asian', 'Hispanic', 'Married', 'Unemployed');
insert into PatientDemographics(PatID, Gender, Race, Ethnicity, MaritalStatus, EmploymentStatus) values (114, 'M','Asian', 'Non Hispanic', 'Single', 'Unavailable');
insert into PatientDemographics(PatID, Gender, Race, Ethnicity, MaritalStatus, EmploymentStatus) values (115, 'M','Unavailable', 'Unavailable', 'Single', 'Unemployed');
insert into PatientDemographics(PatID, Gender, Race, Ethnicity, MaritalStatus, EmploymentStatus) values (116, 'F','Asian', 'Non Hispanic', 'Single', 'Unemployed');
insert into PatientDemographics(PatID, Gender, Race, Ethnicity, MaritalStatus, EmploymentStatus) values (117, 'F','Unavailable', 'Unavailable', 'Single', 'Employed');
insert into PatientDemographics(PatID, Gender, Race, Ethnicity, MaritalStatus, EmploymentStatus) values (118, 'F','White', 'Hispanic', 'Single', 'Unavailable');
insert into PatientDemographics(PatID, Gender, Race, Ethnicity, MaritalStatus, EmploymentStatus) values (119, 'F','Asian', 'Unavailable', 'Single', 'Retired');
insert into PatientDemographics(PatID, Gender, Race, Ethnicity, MaritalStatus, EmploymentStatus) values (120, 'F','White', 'Non Hispanic', 'Unavailable', 'Employed');
insert into PatientDemographics(PatID, Gender, Race, Ethnicity, MaritalStatus, EmploymentStatus) values (121, 'F','Asian', 'Hispanic', 'Divorced', 'Unemployed');
insert into PatientDemographics(PatID, Gender, Race, Ethnicity, MaritalStatus, EmploymentStatus) values (122, 'F','Black', 'Unavailable', 'Single', 'Unemployed');
insert into PatientDemographics(PatID, Gender, Race, Ethnicity, MaritalStatus, EmploymentStatus) values (123, 'F','Asian', 'Non Hispanic', 'Single', 'Retired');
insert into PatientDemographics(PatID, Gender, Race, Ethnicity, MaritalStatus, EmploymentStatus) values (124, 'F','Other', 'Non Hispanic', 'Unavailable', 'Unemployed');
insert into PatientDemographics(PatID, Gender, Race, Ethnicity, MaritalStatus, EmploymentStatus) values (125, 'F','Black', 'Non Hispanic', 'Unavailable', 'Retired');
insert into PatientDemographics(PatID, Gender, Race, Ethnicity, MaritalStatus, EmploymentStatus) values (126, 'F','Asian', 'Unavailable', 'Divorced', 'Employed');
insert into PatientDemographics(PatID, Gender, Race, Ethnicity, MaritalStatus, EmploymentStatus) values (127, 'F','Unavailable', 'Non Hispanic', 'Divorced', 'Employed');
insert into PatientDemographics(PatID, Gender, Race, Ethnicity, MaritalStatus, EmploymentStatus) values (128, 'F','White', 'Hispanic', 'Married', 'Retired');
insert into PatientDemographics(PatID, Gender, Race, Ethnicity, MaritalStatus, EmploymentStatus) values (129, 'F','Asian', 'Unavailable', 'Married', 'Unemployed');
insert into PatientDemographics(PatID, Gender, Race, Ethnicity, MaritalStatus, EmploymentStatus) values (130, 'F','Unavailable', 'Non Hispanic', 'Divorced', 'Unemployed');

------------------------------------------ Vaccination


insert into Vaccination(LotNo, PatID, VaccinationStatus, NoOfDoses, VaccineName, BoosterStatus) values (1001, 101, 'Vaccinated', 3, 'Covid-19', 'Y');
insert into Vaccination(LotNo, PatID, VaccinationStatus, NoOfDoses, VaccineName, BoosterStatus) values (1002, 101, 'Vaccinated', 1, 'Influenza', 'N');
insert into Vaccination(LotNo, PatID, VaccinationStatus, NoOfDoses, VaccineName, BoosterStatus) values (1003, 101, 'Unvaccinated', 0, 'Pneumonia', 'NULL');
insert into Vaccination(LotNo, PatID, VaccinationStatus, NoOfDoses, VaccineName, BoosterStatus) values (1004, 102, 'Vaccinated', 2, 'Covid-19', 'N');
insert into Vaccination(LotNo, PatID, VaccinationStatus, NoOfDoses, VaccineName, BoosterStatus) values (1005, 102, 'Vaccinated', 2, 'Influenza', 'Y');
insert into Vaccination(LotNo, PatID, VaccinationStatus, NoOfDoses, VaccineName, BoosterStatus) values (1006, 103, 'Unvaccinated', 0, 'Covid-19', 'NULL');
insert into Vaccination(LotNo, PatID, VaccinationStatus, NoOfDoses, VaccineName, BoosterStatus) values (1007, 103, 'Vaccinated', 1, 'Influenza', 'N');
insert into Vaccination(LotNo, PatID, VaccinationStatus, NoOfDoses, VaccineName, BoosterStatus) values (1008, 103, 'Vaccinated', 1, 'Pneumonia', 'N');
insert into Vaccination(LotNo, PatID, VaccinationStatus, NoOfDoses, VaccineName, BoosterStatus) values (1009, 104, 'Vaccinated', 2, 'Covid-19', 'Y');
insert into Vaccination(LotNo, PatID, VaccinationStatus, NoOfDoses, VaccineName, BoosterStatus) values (1010, 104, 'Vaccinated', 3, 'HepB', 'N');
insert into Vaccination(LotNo, PatID, VaccinationStatus, NoOfDoses, VaccineName, BoosterStatus) values (1011, 106, 'Vaccinated', 2, 'Influenza', 'Y');
insert into Vaccination(LotNo, PatID, VaccinationStatus, NoOfDoses, VaccineName, BoosterStatus) values (1012, 106, 'Vaccinated', 1, 'Covid-19', 'N');
insert into Vaccination(LotNo, PatID, VaccinationStatus, NoOfDoses, VaccineName, BoosterStatus) values (1013, 107, 'Unvaccinated', 0, 'Covid-19', 'NULL');
insert into Vaccination(LotNo, PatID, VaccinationStatus, NoOfDoses, VaccineName, BoosterStatus) values (1014, 107, 'Vaccinated', 3, 'HepB', 'N');
insert into Vaccination(LotNo, PatID, VaccinationStatus, NoOfDoses, VaccineName, BoosterStatus) values (1015, 107, 'Vaccinated', 2, 'Pneumonia', 'Y');
insert into Vaccination(LotNo, PatID, VaccinationStatus, NoOfDoses, VaccineName, BoosterStatus) values (1016, 108, 'Vaccinated', 3, 'Meningococcal', 'Y');
insert into Vaccination(LotNo, PatID, VaccinationStatus, NoOfDoses, VaccineName, BoosterStatus) values (1017, 109, 'Unvaccinated', 0, 'Covid-19', 'NULL');
insert into Vaccination(LotNo, PatID, VaccinationStatus, NoOfDoses, VaccineName, BoosterStatus) values (1018, 110, 'Unvaccinated', 0, 'Meningococcal', 'NULL');
insert into Vaccination(LotNo, PatID, VaccinationStatus, NoOfDoses, VaccineName, BoosterStatus) values (1019, 110, 'Vaccinated', 2, 'Pneumonia', 'Y');
insert into Vaccination(LotNo, PatID, VaccinationStatus, NoOfDoses, VaccineName, BoosterStatus) values (1020, 110, 'Unvaccinated', 0, 'Covid-19', 'NULL');
insert into Vaccination(LotNo, PatID, VaccinationStatus, NoOfDoses, VaccineName, BoosterStatus) values (1021, 111, 'Unvaccinated', 0, 'Covid-19', 'NULL');
insert into Vaccination(LotNo, PatID, VaccinationStatus, NoOfDoses, VaccineName, BoosterStatus) values (1022, 112, 'Vaccinated', 2, 'Covid-19', 'Y');
insert into Vaccination(LotNo, PatID, VaccinationStatus, NoOfDoses, VaccineName, BoosterStatus) values (1023, 112, 'Vaccinated', 2, 'Pneumonia', 'Y');
insert into Vaccination(LotNo, PatID, VaccinationStatus, NoOfDoses, VaccineName, BoosterStatus) values (1024, 112, 'Vaccinated', 3, 'HepB', 'N');
insert into Vaccination(LotNo, PatID, VaccinationStatus, NoOfDoses, VaccineName, BoosterStatus) values (1025, 113, 'Unvaccinated', 0, 'HepB', 'NULL');
insert into Vaccination(LotNo, PatID, VaccinationStatus, NoOfDoses, VaccineName, BoosterStatus) values (1026, 114, 'Vaccinated', 1, 'Covid-19', 'N');
insert into Vaccination(LotNo, PatID, VaccinationStatus, NoOfDoses, VaccineName, BoosterStatus) values (1027, 115, 'Vaccinated', 1, 'Covid-19', 'N');
insert into Vaccination(LotNo, PatID, VaccinationStatus, NoOfDoses, VaccineName, BoosterStatus) values (1028, 116, 'Unvaccinated', 0, 'HepB', 'NULL');
insert into Vaccination(LotNo, PatID, VaccinationStatus, NoOfDoses, VaccineName, BoosterStatus) values (1029, 116, 'Unvaccinated', 0, 'Covid-19', 'NULL');
insert into Vaccination(LotNo, PatID, VaccinationStatus, NoOfDoses, VaccineName, BoosterStatus) values (1030, 117, 'Vaccinated', 2, 'Pneumonia', 'Y');
insert into Vaccination(LotNo, PatID, VaccinationStatus, NoOfDoses, VaccineName, BoosterStatus) values (1031, 117, 'Vaccinated', 1, 'Influenza', 'N');
insert into Vaccination(LotNo, PatID, VaccinationStatus, NoOfDoses, VaccineName, BoosterStatus) values (1032, 118, 'Vaccinated', 2, 'Covid-19', 'Y');
insert into Vaccination(LotNo, PatID, VaccinationStatus, NoOfDoses, VaccineName, BoosterStatus) values (1033, 118, 'Vaccinated', 0, 'HepB', 'NULL');
insert into Vaccination(LotNo, PatID, VaccinationStatus, NoOfDoses, VaccineName, BoosterStatus) values (1034, 119, 'Unvaccinated', 0, 'Covid-19', 'NULL');
insert into Vaccination(LotNo, PatID, VaccinationStatus, NoOfDoses, VaccineName, BoosterStatus) values (1035, 120, 'Vaccinated', 3, 'Covid-19', 'Y');
insert into Vaccination(LotNo, PatID, VaccinationStatus, NoOfDoses, VaccineName, BoosterStatus) values (1036, 120, 'Vaccinated', 1, 'Influenza', 'N');
insert into Vaccination(LotNo, PatID, VaccinationStatus, NoOfDoses, VaccineName, BoosterStatus) values (1037, 120, 'Vaccinated', 1, 'Meningococcal', 'N');
insert into Vaccination(LotNo, PatID, VaccinationStatus, NoOfDoses, VaccineName, BoosterStatus) values (1038, 121, 'Vaccinated', 2, 'Covid-19', 'N');
insert into Vaccination(LotNo, PatID, VaccinationStatus, NoOfDoses, VaccineName, BoosterStatus) values (1039, 121, 'Unvaccinated', 0, 'Influenza', 'N');
insert into Vaccination(LotNo, PatID, VaccinationStatus, NoOfDoses, VaccineName, BoosterStatus) values (1040, 122, 'Vaccinated', 3, 'Covid-19', 'Y');
insert into Vaccination(LotNo, PatID, VaccinationStatus, NoOfDoses, VaccineName, BoosterStatus) values (1041, 122, 'Vaccinated', 1, 'Meningococcal', 'N');
insert into Vaccination(LotNo, PatID, VaccinationStatus, NoOfDoses, VaccineName, BoosterStatus) values (1042, 122, 'Vaccinated', 1, 'Influenza', 'N');
insert into Vaccination(LotNo, PatID, VaccinationStatus, NoOfDoses, VaccineName, BoosterStatus) values (1043, 122, 'Vaccinated', 2, 'Pneumonia', 'Y');
insert into Vaccination(LotNo, PatID, VaccinationStatus, NoOfDoses, VaccineName, BoosterStatus) values (1044, 122, 'Vaccinated', 3, 'HepB', 'N');
insert into Vaccination(LotNo, PatID, VaccinationStatus, NoOfDoses, VaccineName, BoosterStatus) values (1045, 123, 'Vaccinated', 2, 'Covid-19', 'N');
insert into Vaccination(LotNo, PatID, VaccinationStatus, NoOfDoses, VaccineName, BoosterStatus) values (1046, 123, 'Unvaccinated', 0, 'Meningococcal', 'NULL');
insert into Vaccination(LotNo, PatID, VaccinationStatus, NoOfDoses, VaccineName, BoosterStatus) values (1047, 123, 'Vaccinated', 1, 'Influenza', 'N');
insert into Vaccination(LotNo, PatID, VaccinationStatus, NoOfDoses, VaccineName, BoosterStatus) values (1048, 124, 'Vaccinated', 1, 'Influenza', 'N');
insert into Vaccination(LotNo, PatID, VaccinationStatus, NoOfDoses, VaccineName, BoosterStatus) values (1049, 124, 'Vaccinated', 1, 'Pneumonia', 'N');
insert into Vaccination(LotNo, PatID, VaccinationStatus, NoOfDoses, VaccineName, BoosterStatus) values (1050, 124, 'Vaccinated', 3, 'HepB', 'N');
insert into Vaccination(LotNo, PatID, VaccinationStatus, NoOfDoses, VaccineName, BoosterStatus) values (1051, 125, 'Vaccinated', 2, 'Pneumonia', 'Y');
insert into Vaccination(LotNo, PatID, VaccinationStatus, NoOfDoses, VaccineName, BoosterStatus) values (1052, 125, 'Vaccinated', 3, 'HepB', 'N');
insert into Vaccination(LotNo, PatID, VaccinationStatus, NoOfDoses, VaccineName, BoosterStatus) values (1053, 125, 'Vaccinated', 2, 'Covid-19', 'N');
insert into Vaccination(LotNo, PatID, VaccinationStatus, NoOfDoses, VaccineName, BoosterStatus) values (1054, 126, 'Vaccinated', 1, 'Meningococcal', 'N');
insert into Vaccination(LotNo, PatID, VaccinationStatus, NoOfDoses, VaccineName, BoosterStatus) values (1055, 126, 'Vaccinated', 2, 'Covid-19', 'N');
insert into Vaccination(LotNo, PatID, VaccinationStatus, NoOfDoses, VaccineName, BoosterStatus) values (1056, 126, 'Unvaccinated', 0, 'Influenza', 'N');
insert into Vaccination(LotNo, PatID, VaccinationStatus, NoOfDoses, VaccineName, BoosterStatus) values (1057, 127, 'Vaccinated', 1, 'Meningococcal', 'N');
insert into Vaccination(LotNo, PatID, VaccinationStatus, NoOfDoses, VaccineName, BoosterStatus) values (1058, 127, 'Vaccinated', 2, 'Covid-19', 'N');
insert into Vaccination(LotNo, PatID, VaccinationStatus, NoOfDoses, VaccineName, BoosterStatus) values (1059, 127, 'Vaccinated', 0, 'Influenza', 'N');
insert into Vaccination(LotNo, PatID, VaccinationStatus, NoOfDoses, VaccineName, BoosterStatus) values (1060, 128, 'Vaccinated', 2, 'Pneumonia', 'Y');
insert into Vaccination(LotNo, PatID, VaccinationStatus, NoOfDoses, VaccineName, BoosterStatus) values (1061, 128, 'Vaccinated', 3, 'HepB', 'N');
insert into Vaccination(LotNo, PatID, VaccinationStatus, NoOfDoses, VaccineName, BoosterStatus) values (1062, 128, 'Vaccinated', 2, 'Covid-19', 'N');
insert into Vaccination(LotNo, PatID, VaccinationStatus, NoOfDoses, VaccineName, BoosterStatus) values (1063, 129, 'Unvaccinated', 0, 'Meningococcal', 'NULL');
insert into Vaccination(LotNo, PatID, VaccinationStatus, NoOfDoses, VaccineName, BoosterStatus) values (1064, 129, 'Vaccinated', 2, 'Pneumonia', 'N');
insert into Vaccination(LotNo, PatID, VaccinationStatus, NoOfDoses, VaccineName, BoosterStatus) values (1065, 129, 'Vaccinated', 2, 'Covid-19', 'N');
insert into Vaccination(LotNo, PatID, VaccinationStatus, NoOfDoses, VaccineName, BoosterStatus) values (1066, 130, 'Vaccinated', 2, 'Influenza', 'Y');
insert into Vaccination(LotNo, PatID, VaccinationStatus, NoOfDoses, VaccineName, BoosterStatus) values (1067, 130, 'Vaccinated', 2, 'Covid-19', 'N');
insert into Vaccination(LotNo, PatID, VaccinationStatus, NoOfDoses, VaccineName, BoosterStatus) values (1068, 130, 'Vaccinated', 2, 'Pneumonia', 'Y');
-----------------------------------------------


-------------HealthCareProvider----------------------

insert into HealthCareProvider(HealthCareProviderID, Designation, EmpFirstName, EmpLastName, EmpContactNo) values (3215, 'Hospital pharmacist', 'Beatrice', 'Reid', 6464997392);
insert into HealthCareProvider(HealthCareProviderID, Designation, EmpFirstName, EmpLastName, EmpContactNo) values (3216, 'Attending physician', 'Ora', 'Walters', 6615071463);
insert into HealthCareProvider(HealthCareProviderID, Designation, EmpFirstName, EmpLastName, EmpContactNo) values (3217, 'Radiologist', 'Sonja', 'Reeves', 7622186962);
insert into HealthCareProvider(HealthCareProviderID, Designation, EmpFirstName, EmpLastName, EmpContactNo) values (3218, 'Chief Medical Officer', 'Olive', 'Briggs', 5635783510);
insert into HealthCareProvider(HealthCareProviderID, Designation, EmpFirstName, EmpLastName, EmpContactNo) values (3219, 'Social worker', 'Jacob', 'Warren', 5304923382);
insert into HealthCareProvider(HealthCareProviderID, Designation, EmpFirstName, EmpLastName, EmpContactNo) values (3220, 'Surgeon', 'Miriam', 'Carson', 6463937961);
insert into HealthCareProvider(HealthCareProviderID, Designation, EmpFirstName, EmpLastName, EmpContactNo) values (3221, 'Internal Medicine', 'Steven', 'Murphy', 2512336069);
insert into HealthCareProvider(HealthCareProviderID, Designation, EmpFirstName, EmpLastName, EmpContactNo) values (3222, 'Oncologist', 'Loren', 'Carter', 2159693239);
insert into HealthCareProvider(HealthCareProviderID, Designation, EmpFirstName, EmpLastName, EmpContactNo) values (3223, 'Social worker', 'Alonzo', 'Chambers', 5166337818);
insert into HealthCareProvider(HealthCareProviderID, Designation, EmpFirstName, EmpLastName, EmpContactNo) values (3224, 'Pathologist', 'Tiffany', 'Jimenez', 5177433142);
insert into HealthCareProvider(HealthCareProviderID, Designation, EmpFirstName, EmpLastName, EmpContactNo) values (3225, 'Cardiologist', 'Cheryl', 'Barber', 3094655777);
insert into HealthCareProvider(HealthCareProviderID, Designation, EmpFirstName, EmpLastName, EmpContactNo) values (3226, 'Hospital pharmacist', 'Sally', 'Jones', 5128129786);
insert into HealthCareProvider(HealthCareProviderID, Designation, EmpFirstName, EmpLastName, EmpContactNo) values (3227, 'Physical therapist', 'Norma', 'Holmes', 4145907344);
insert into HealthCareProvider(HealthCareProviderID, Designation, EmpFirstName, EmpLastName, EmpContactNo) values (3228, 'Emergency physician', 'Freda', 'Shaw', 4056339180);
insert into HealthCareProvider(HealthCareProviderID, Designation, EmpFirstName, EmpLastName, EmpContactNo) values (3229, 'Neurologist', 'Charles', 'Dean', 5169928384);
insert into HealthCareProvider(HealthCareProviderID, Designation, EmpFirstName, EmpLastName, EmpContactNo) values (3230, 'Internal Medicine', 'Travis', 'Powers', 5615754961);
insert into HealthCareProvider(HealthCareProviderID, Designation, EmpFirstName, EmpLastName, EmpContactNo) values (3231, 'Surgeon', 'Robyn', 'Mcgee', 4782185613);
insert into HealthCareProvider(HealthCareProviderID, Designation, EmpFirstName, EmpLastName, EmpContactNo) values (3232, 'Internal Medicine', 'Barry', 'Bates', 4356365213);
insert into HealthCareProvider(HealthCareProviderID, Designation, EmpFirstName, EmpLastName, EmpContactNo) values (3233, 'Pulmonologist', 'Stephen', 'Marshall', 2696862425);
insert into HealthCareProvider(HealthCareProviderID, Designation, EmpFirstName, EmpLastName, EmpContactNo) values (3234, 'Neurologist', 'Cora', 'James', 6083778239);
insert into HealthCareProvider(HealthCareProviderID, Designation, EmpFirstName, EmpLastName, EmpContactNo) values (3235, 'Attending physician', 'Ricky', 'Williams', 4099166239);
insert into HealthCareProvider(HealthCareProviderID, Designation, EmpFirstName, EmpLastName, EmpContactNo) values (3236, 'Cardiologist', 'Katrina', 'Payne', 5087166020);
insert into HealthCareProvider(HealthCareProviderID, Designation, EmpFirstName, EmpLastName, EmpContactNo) values (3237, 'Resident Doctor', 'Mandy', 'Ford', 2538916760);
insert into HealthCareProvider(HealthCareProviderID, Designation, EmpFirstName, EmpLastName, EmpContactNo) values (3238, 'Clinical Assitant', 'Saul', 'Mckenzie', 6262027774);
insert into HealthCareProvider(HealthCareProviderID, Designation, EmpFirstName, EmpLastName, EmpContactNo) values (3239, 'Attending physician', 'Henry', 'Wilson', 4046504772);
insert into HealthCareProvider(HealthCareProviderID, Designation, EmpFirstName, EmpLastName, EmpContactNo) values (3240, 'Anesthesiologist', 'Marilyn', 'Walker', 8436486753);
insert into HealthCareProvider(HealthCareProviderID, Designation, EmpFirstName, EmpLastName, EmpContactNo) values (3241, 'Physical therapist', 'Olivia', 'Gibbs', 7757536245);
insert into HealthCareProvider(HealthCareProviderID, Designation, EmpFirstName, EmpLastName, EmpContactNo) values (3242, 'Clinical Assitant', 'Herman', 'Rice', 5176174509);
insert into HealthCareProvider(HealthCareProviderID, Designation, EmpFirstName, EmpLastName, EmpContactNo) values (3243, 'Oncologist', 'Lynda', 'Turner', 3196351163);
insert into HealthCareProvider(HealthCareProviderID, Designation, EmpFirstName, EmpLastName, EmpContactNo) values (3244, 'Cardiologist', 'Cary', 'Thornton', 3235289071);
insert into HealthCareProvider(HealthCareProviderID, Designation, EmpFirstName, EmpLastName, EmpContactNo) values (3245, 'Hospital pharmacist', 'Glen', 'Miles', 6502379573);
insert into HealthCareProvider(HealthCareProviderID, Designation, EmpFirstName, EmpLastName, EmpContactNo) values (3246, 'Pathologist', 'Jimmie', 'Davidson', 3392004325);
insert into HealthCareProvider(HealthCareProviderID, Designation, EmpFirstName, EmpLastName, EmpContactNo) values (3247, 'Oncologist', 'Eunice', 'Santiago', 4242718458);
insert into HealthCareProvider(HealthCareProviderID, Designation, EmpFirstName, EmpLastName, EmpContactNo) values (3248, 'Cardiologist', 'Penny', 'Johnson', 3084142562);
insert into HealthCareProvider(HealthCareProviderID, Designation, EmpFirstName, EmpLastName, EmpContactNo) values (3249, 'Psychiatrist', 'Isabel', 'Peters', 6037804371);
insert into HealthCareProvider(HealthCareProviderID, Designation, EmpFirstName, EmpLastName, EmpContactNo) values (3250, 'Internal Medicine', 'Adrian', 'Dunn', 5027172040);
insert into HealthCareProvider(HealthCareProviderID, Designation, EmpFirstName, EmpLastName, EmpContactNo) values (3251, 'Resident Doctor', 'Annette', 'Blair', 6672134553);
insert into HealthCareProvider(HealthCareProviderID, Designation, EmpFirstName, EmpLastName, EmpContactNo) values (3252, 'Neurologist', 'Joseph', 'Ellis', 2097048736);
insert into HealthCareProvider(HealthCareProviderID, Designation, EmpFirstName, EmpLastName, EmpContactNo) values (3253, 'Resident Doctor', 'Janis', 'Alvarado', 6143088930);
insert into HealthCareProvider(HealthCareProviderID, Designation, EmpFirstName, EmpLastName, EmpContactNo) values (3254, 'Chief executive officer', 'Marty', 'Freeman', 7572162112);
insert into HealthCareProvider(HealthCareProviderID, Designation, EmpFirstName, EmpLastName, EmpContactNo) values (3255, 'Social worker', 'Leon', 'Hopkins', 2145385925);
insert into HealthCareProvider(HealthCareProviderID, Designation, EmpFirstName, EmpLastName, EmpContactNo) values (3256, 'Pathologist', 'Ken', 'Rodriquez', 3312622458);
insert into HealthCareProvider(HealthCareProviderID, Designation, EmpFirstName, EmpLastName, EmpContactNo) values (3257, 'Surgeon', 'Jill', 'Anderson', 2133092734);
insert into HealthCareProvider(HealthCareProviderID, Designation, EmpFirstName, EmpLastName, EmpContactNo) values (3258, 'Physical therapist', 'Mercedes', 'Doyle', 2314977093);
insert into HealthCareProvider(HealthCareProviderID, Designation, EmpFirstName, EmpLastName, EmpContactNo) values (3259, 'Ophthalmologist', 'Carolyn', 'Gonzales', 2085226456);
insert into HealthCareProvider(HealthCareProviderID, Designation, EmpFirstName, EmpLastName, EmpContactNo) values (3260, 'Emergency physician', 'Benny', 'Lewis', 3128994232);
insert into HealthCareProvider(HealthCareProviderID, Designation, EmpFirstName, EmpLastName, EmpContactNo) values (3261, 'Neurologist', 'Mario', 'Maxwell', 4235254938);
insert into HealthCareProvider(HealthCareProviderID, Designation, EmpFirstName, EmpLastName, EmpContactNo) values (3262, 'Surgeon', 'Lydia', 'Greer', 5126143618);
insert into HealthCareProvider(HealthCareProviderID, Designation, EmpFirstName, EmpLastName, EmpContactNo) values (3263, 'Emergency physician', 'Wanda', 'Lopez', 4702078477);
insert into HealthCareProvider(HealthCareProviderID, Designation, EmpFirstName, EmpLastName, EmpContactNo) values (3264, 'Cardiologist', 'Jimmy', 'Fields', 4235963194);




------------------ PatientEncounter --------------
insert into PatientEncounter(PatEncID, PatID, HealthCareProviderID, PatEncAdmitDate, AdmitType, AdmitLocation, PatEncDiscDate, DiscLocation) values (20001, 115, 3253, '2020-01-05', 'Emergency', 'Neurology', '2020-01-12', 'Urology');
insert into PatientEncounter(PatEncID, PatID, HealthCareProviderID, PatEncAdmitDate, AdmitType, AdmitLocation, PatEncDiscDate, DiscLocation) values (20002, 121, 3251, '2020-01-20', 'Emergency', 'Oncology', '2020-01-30', 'Urology');
insert into PatientEncounter(PatEncID, PatID, HealthCareProviderID, PatEncAdmitDate, AdmitType, AdmitLocation, PatEncDiscDate, DiscLocation) values (20003, 124, 3253, '2020-01-23', 'Elective', 'Haematology', '2020-02-02', 'Orthopaedics');
insert into PatientEncounter(PatEncID, PatID, HealthCareProviderID, PatEncAdmitDate, AdmitType, AdmitLocation, PatEncDiscDate, DiscLocation) values (20004, 101, 3216, '2020-02-05', 'Emergency', 'Urology', '2020-02-19', 'General Surgery');
insert into PatientEncounter(PatEncID, PatID, HealthCareProviderID, PatEncAdmitDate, AdmitType, AdmitLocation, PatEncDiscDate, DiscLocation) values (20005, 113, 3251, '2020-02-08', 'Urgent', 'Urology', '2020-02-23', 'Oncology');
insert into PatientEncounter(PatEncID, PatID, HealthCareProviderID, PatEncAdmitDate, AdmitType, AdmitLocation, PatEncDiscDate, DiscLocation) values (20006, 109, 3216, '2020-02-11', 'Emergency', 'Coronary Care Unit (CCU)', '2020-02-25', 'Oncology');
insert into PatientEncounter(PatEncID, PatID, HealthCareProviderID, PatEncAdmitDate, AdmitType, AdmitLocation, PatEncDiscDate, DiscLocation) values (20007, 130, 3237, '2020-02-23', 'Elective', 'Orthopaedics', '2020-03-05', 'Nephrology');
insert into PatientEncounter(PatEncID, PatID, HealthCareProviderID, PatEncAdmitDate, AdmitType, AdmitLocation, PatEncDiscDate, DiscLocation) values (20008, 101, 3239, '2020-02-23', 'Emergency', 'General Surgery', '2020-02-27', 'Haematology');
insert into PatientEncounter(PatEncID, PatID, HealthCareProviderID, PatEncAdmitDate, AdmitType, AdmitLocation, PatEncDiscDate, DiscLocation) values (20009, 127, 3228, '2020-02-26', 'Emergency', 'Critical Care', '2020-03-02', 'Radiology');
insert into PatientEncounter(PatEncID, PatID, HealthCareProviderID, PatEncAdmitDate, AdmitType, AdmitLocation, PatEncDiscDate, DiscLocation) values (20010, 109, 3257, '2020-03-10', 'Emergency', 'General Surgery', '2020-03-19', 'General Surgery');
insert into PatientEncounter(PatEncID, PatID, HealthCareProviderID, PatEncAdmitDate, AdmitType, AdmitLocation, PatEncDiscDate, DiscLocation) values (20011, 105, 3260, '2020-03-11', 'Urgent', 'General Surgery', '2020-03-12', 'Critical Care');
insert into PatientEncounter(PatEncID, PatID, HealthCareProviderID, PatEncAdmitDate, AdmitType, AdmitLocation, PatEncDiscDate, DiscLocation) values (20012, 120, 3257, '2020-03-11', 'Emergency', 'Nephrology', '2020-03-15', 'General Surgery');
insert into PatientEncounter(PatEncID, PatID, HealthCareProviderID, PatEncAdmitDate, AdmitType, AdmitLocation, PatEncDiscDate, DiscLocation) values (20013, 129, 3263, '2020-03-13', 'Emergency', 'Intensive Care Unit (ICU)', '2020-03-28', 'Oncology');
insert into PatientEncounter(PatEncID, PatID, HealthCareProviderID, PatEncAdmitDate, AdmitType, AdmitLocation, PatEncDiscDate, DiscLocation) values (20014, 114, 3262, '2020-03-17', 'Elective', 'Coronary Care Unit (CCU)', '2020-03-30', 'Orthopaedics');
insert into PatientEncounter(PatEncID, PatID, HealthCareProviderID, PatEncAdmitDate, AdmitType, AdmitLocation, PatEncDiscDate, DiscLocation) values (20015, 116, 3237, '2020-04-07', 'Urgent', 'Radiology', '2020-04-10', 'Critical Care');
insert into PatientEncounter(PatEncID, PatID, HealthCareProviderID, PatEncAdmitDate, AdmitType, AdmitLocation, PatEncDiscDate, DiscLocation) values (20016, 128, 3239, '2020-04-10', 'Emergency', 'Nephrology', '2020-04-24', 'Discharge Lounge');
insert into PatientEncounter(PatEncID, PatID, HealthCareProviderID, PatEncAdmitDate, AdmitType, AdmitLocation, PatEncDiscDate, DiscLocation) values (20017, 115, 3253, '2020-04-20', 'Emergency', 'Oncology', '2020-04-21', 'Urology');
insert into PatientEncounter(PatEncID, PatID, HealthCareProviderID, PatEncAdmitDate, AdmitType, AdmitLocation, PatEncDiscDate, DiscLocation) values (20018, 115, 3228, '2020-04-20', 'Elective', 'Intensive Care Unit (ICU)', '2020-04-25', 'Discharge Lounge');
insert into PatientEncounter(PatEncID, PatID, HealthCareProviderID, PatEncAdmitDate, AdmitType, AdmitLocation, PatEncDiscDate, DiscLocation) values (20019, 130, 3237, '2020-04-21', 'Emergency', 'Intensive Care Unit (ICU)', '2020-05-01', 'Nephrology');
insert into PatientEncounter(PatEncID, PatID, HealthCareProviderID, PatEncAdmitDate, AdmitType, AdmitLocation, PatEncDiscDate, DiscLocation) values (20020, 118, 3263, '2020-05-19', 'Elective', 'General Surgery', '2020-05-24', 'Intensive Care Unit (ICU)');
insert into PatientEncounter(PatEncID, PatID, HealthCareProviderID, PatEncAdmitDate, AdmitType, AdmitLocation, PatEncDiscDate, DiscLocation) values (20021, 130, 3231, '2020-05-27', 'Emergency', 'General Surgery', '2020-06-11', 'Critical Care');
insert into PatientEncounter(PatEncID, PatID, HealthCareProviderID, PatEncAdmitDate, AdmitType, AdmitLocation, PatEncDiscDate, DiscLocation) values (20022, 124, 3235, '2020-07-04', 'Urgent', 'Orthopaedics', '2020-07-05', 'Oncology');
insert into PatientEncounter(PatEncID, PatID, HealthCareProviderID, PatEncAdmitDate, AdmitType, AdmitLocation, PatEncDiscDate, DiscLocation) values (20023, 109, 3260, '2020-07-07', 'Elective', 'Orthopaedics', '2020-07-18', 'Coronary Care Unit (CCU)');
insert into PatientEncounter(PatEncID, PatID, HealthCareProviderID, PatEncAdmitDate, AdmitType, AdmitLocation, PatEncDiscDate, DiscLocation) values (20024, 101, 3235, '2020-07-24', 'Elective', 'Haematology', '2020-07-28', 'Critical Care');
insert into PatientEncounter(PatEncID, PatID, HealthCareProviderID, PatEncAdmitDate, AdmitType, AdmitLocation, PatEncDiscDate, DiscLocation) values (20025, 116, 3262, '2020-07-28', 'Emergency', 'Oncology', '2020-08-01', 'General Surgery');
insert into PatientEncounter(PatEncID, PatID, HealthCareProviderID, PatEncAdmitDate, AdmitType, AdmitLocation, PatEncDiscDate, DiscLocation) values (20026, 127, 3220, '2020-07-31', 'Elective', 'Haematology', '2020-08-08', 'Critical Care');
insert into PatientEncounter(PatEncID, PatID, HealthCareProviderID, PatEncAdmitDate, AdmitType, AdmitLocation, PatEncDiscDate, DiscLocation) values (20027, 120, 3260, '2020-08-06', 'Urgent', 'Urology', '2020-08-08', 'Coronary Care Unit (CCU)');
insert into PatientEncounter(PatEncID, PatID, HealthCareProviderID, PatEncAdmitDate, AdmitType, AdmitLocation, PatEncDiscDate, DiscLocation) values (20028, 107, 3235, '2020-08-13', 'Elective', 'Oncology', '2020-08-22', 'General Surgery');
insert into PatientEncounter(PatEncID, PatID, HealthCareProviderID, PatEncAdmitDate, AdmitType, AdmitLocation, PatEncDiscDate, DiscLocation) values (20029, 121, 3231, '2020-09-03', 'Emergency', 'General Surgery', '2020-09-04', 'Neurology');
insert into PatientEncounter(PatEncID, PatID, HealthCareProviderID, PatEncAdmitDate, AdmitType, AdmitLocation, PatEncDiscDate, DiscLocation) values (20030, 130, 3239, '2020-09-04', 'Elective', 'General Surgery', '2020-09-06', 'Neurology');
insert into PatientEncounter(PatEncID, PatID, HealthCareProviderID, PatEncAdmitDate, AdmitType, AdmitLocation, PatEncDiscDate, DiscLocation) values (20031, 127, 3231, '2020-09-23', 'Urgent', 'Coronary Care Unit (CCU)', '2020-10-06', 'General Surgery');
insert into PatientEncounter(PatEncID, PatID, HealthCareProviderID, PatEncAdmitDate, AdmitType, AdmitLocation, PatEncDiscDate, DiscLocation) values (20032, 102, 3257, '2020-09-25', 'Urgent', 'Coronary Care Unit (CCU)', '2020-10-08', 'Radiology');
insert into PatientEncounter(PatEncID, PatID, HealthCareProviderID, PatEncAdmitDate, AdmitType, AdmitLocation, PatEncDiscDate, DiscLocation) values (20033, 127, 3260, '2020-10-24', 'Urgent', 'Oncology', '2020-11-08', 'Neurology');
insert into PatientEncounter(PatEncID, PatID, HealthCareProviderID, PatEncAdmitDate, AdmitType, AdmitLocation, PatEncDiscDate, DiscLocation) values (20034, 126, 3237, '2020-10-25', 'Emergency', 'Coronary Care Unit (CCU)', '2020-11-07', 'Nephrology');
insert into PatientEncounter(PatEncID, PatID, HealthCareProviderID, PatEncAdmitDate, AdmitType, AdmitLocation, PatEncDiscDate, DiscLocation) values (20035, 113, 3220, '2020-10-31', 'Elective', 'Intensive Care Unit (ICU)', '2020-11-04', 'Critical Care');
insert into PatientEncounter(PatEncID, PatID, HealthCareProviderID, PatEncAdmitDate, AdmitType, AdmitLocation, PatEncDiscDate, DiscLocation) values (20036, 112, 3228, '2020-11-14', 'Elective', 'Intensive Care Unit (ICU)', '2020-11-23', 'General Surgery');
insert into PatientEncounter(PatEncID, PatID, HealthCareProviderID, PatEncAdmitDate, AdmitType, AdmitLocation, PatEncDiscDate, DiscLocation) values (20037, 125, 3239, '2020-11-15', 'Elective', 'Critical Care', '2020-11-26', 'Orthopaedics');
insert into PatientEncounter(PatEncID, PatID, HealthCareProviderID, PatEncAdmitDate, AdmitType, AdmitLocation, PatEncDiscDate, DiscLocation) values (20038, 129, 3235, '2020-11-16', 'Elective', 'Critical Care', '2020-11-22', 'Discharge Lounge');
insert into PatientEncounter(PatEncID, PatID, HealthCareProviderID, PatEncAdmitDate, AdmitType, AdmitLocation, PatEncDiscDate, DiscLocation) values (20039, 103, 3228, '2020-11-19', 'Urgent', 'Haematology', '2020-11-29', 'Urology');
insert into PatientEncounter(PatEncID, PatID, HealthCareProviderID, PatEncAdmitDate, AdmitType, AdmitLocation, PatEncDiscDate, DiscLocation) values (20040, 116, 3237, '2020-12-07', 'Emergency', 'Neurology', '2020-12-10', 'Critical Care');
insert into PatientEncounter(PatEncID, PatID, HealthCareProviderID, PatEncAdmitDate, AdmitType, AdmitLocation, PatEncDiscDate, DiscLocation) values (20041, 130, 3228, '2020-12-07', 'Emergency', 'General Surgery', '2020-12-18', 'Discharge Lounge');
insert into PatientEncounter(PatEncID, PatID, HealthCareProviderID, PatEncAdmitDate, AdmitType, AdmitLocation, PatEncDiscDate, DiscLocation) values (20042, 117, 3231, '2020-12-18', 'Urgent', 'Coronary Care Unit (CCU)', '2020-12-19', 'Haematology');
insert into PatientEncounter(PatEncID, PatID, HealthCareProviderID, PatEncAdmitDate, AdmitType, AdmitLocation, PatEncDiscDate, DiscLocation) values (20043, 118, 3263, '2020-12-19', 'Elective', 'Orthopaedics', '2020-12-28', 'Oncology');
insert into PatientEncounter(PatEncID, PatID, HealthCareProviderID, PatEncAdmitDate, AdmitType, AdmitLocation, PatEncDiscDate, DiscLocation) values (20044, 113, 3263, '2020-12-21', 'Urgent', 'General Surgery', '2021-01-01', 'Intensive Care Unit (ICU)');
insert into PatientEncounter(PatEncID, PatID, HealthCareProviderID, PatEncAdmitDate, AdmitType, AdmitLocation, PatEncDiscDate, DiscLocation) values (20045, 130, 3257, '2020-12-26', 'Emergency', 'Intensive Care Unit (ICU)', '2021-01-03', 'Urology');
insert into PatientEncounter(PatEncID, PatID, HealthCareProviderID, PatEncAdmitDate, AdmitType, AdmitLocation, PatEncDiscDate, DiscLocation) values (20046, 119, 3237, '2021-01-01', 'Urgent', 'Haematology', '2021-01-05', 'Haematology');
insert into PatientEncounter(PatEncID, PatID, HealthCareProviderID, PatEncAdmitDate, AdmitType, AdmitLocation, PatEncDiscDate, DiscLocation) values (20047, 119, 3257, '2021-01-03', 'Elective', 'Nephrology', '2021-01-18', 'Discharge Lounge');
insert into PatientEncounter(PatEncID, PatID, HealthCareProviderID, PatEncAdmitDate, AdmitType, AdmitLocation, PatEncDiscDate, DiscLocation) values (20048, 108, 3231, '2021-01-04', 'Emergency', 'Radiology', '2021-01-08', 'Oncology');
insert into PatientEncounter(PatEncID, PatID, HealthCareProviderID, PatEncAdmitDate, AdmitType, AdmitLocation, PatEncDiscDate, DiscLocation) values (20049, 106, 3237, '2021-01-10', 'Urgent', 'Haematology', '2021-01-14', 'Haematology');
insert into PatientEncounter(PatEncID, PatID, HealthCareProviderID, PatEncAdmitDate, AdmitType, AdmitLocation, PatEncDiscDate, DiscLocation) values (20050, 122, 3237, '2021-01-22', 'Elective', 'General Surgery', '2021-01-28', 'Discharge Lounge');
insert into PatientEncounter(PatEncID, PatID, HealthCareProviderID, PatEncAdmitDate, AdmitType, AdmitLocation, PatEncDiscDate, DiscLocation) values (20051, 102, 3257, '2021-01-23', 'Elective', 'Oncology', '2021-01-27', 'Intensive Care Unit (ICU)');
insert into PatientEncounter(PatEncID, PatID, HealthCareProviderID, PatEncAdmitDate, AdmitType, AdmitLocation, PatEncDiscDate, DiscLocation) values (20052, 118, 3231, '2021-01-27', 'Elective', 'Oncology', '2021-02-07', 'Critical Care');
insert into PatientEncounter(PatEncID, PatID, HealthCareProviderID, PatEncAdmitDate, AdmitType, AdmitLocation, PatEncDiscDate, DiscLocation) values (20053, 124, 3220, '2021-02-24', 'Elective', 'Oncology', '2021-02-27', 'Oncology');
insert into PatientEncounter(PatEncID, PatID, HealthCareProviderID, PatEncAdmitDate, AdmitType, AdmitLocation, PatEncDiscDate, DiscLocation) values (20054, 123, 3237, '2021-02-28', 'Elective', 'Orthopaedics', '2021-03-10', 'Haematology');
insert into PatientEncounter(PatEncID, PatID, HealthCareProviderID, PatEncAdmitDate, AdmitType, AdmitLocation, PatEncDiscDate, DiscLocation) values (20055, 108, 3228, '2021-03-29', 'Urgent', 'General Surgery', '2021-04-12', 'Nephrology');
insert into PatientEncounter(PatEncID, PatID, HealthCareProviderID, PatEncAdmitDate, AdmitType, AdmitLocation, PatEncDiscDate, DiscLocation) values (20056, 130, 3237, '2021-03-30', 'Emergency', 'Coronary Care Unit (CCU)', '2021-04-10', 'Urology');
insert into PatientEncounter(PatEncID, PatID, HealthCareProviderID, PatEncAdmitDate, AdmitType, AdmitLocation, PatEncDiscDate, DiscLocation) values (20057, 117, 3251, '2021-04-07', 'Urgent', 'Intensive Care Unit (ICU)', '2021-04-14', 'General Surgery');
insert into PatientEncounter(PatEncID, PatID, HealthCareProviderID, PatEncAdmitDate, AdmitType, AdmitLocation, PatEncDiscDate, DiscLocation) values (20058, 112, 3216, '2021-04-30', 'Urgent', 'Oncology', '2021-05-11', 'Nephrology');
insert into PatientEncounter(PatEncID, PatID, HealthCareProviderID, PatEncAdmitDate, AdmitType, AdmitLocation, PatEncDiscDate, DiscLocation) values (20059, 116, 3216, '2021-05-10', 'Emergency', 'Urology', '2021-05-24', 'Orthopaedics');
insert into PatientEncounter(PatEncID, PatID, HealthCareProviderID, PatEncAdmitDate, AdmitType, AdmitLocation, PatEncDiscDate, DiscLocation) values (20060, 130, 3239, '2021-05-14', 'Emergency', 'Neurology', '2021-05-19', 'Orthopaedics');
insert into PatientEncounter(PatEncID, PatID, HealthCareProviderID, PatEncAdmitDate, AdmitType, AdmitLocation, PatEncDiscDate, DiscLocation) values (20061, 113, 3251, '2021-05-17', 'Elective', 'Haematology', '2021-05-31', 'Oncology');
insert into PatientEncounter(PatEncID, PatID, HealthCareProviderID, PatEncAdmitDate, AdmitType, AdmitLocation, PatEncDiscDate, DiscLocation) values (20062, 116, 3251, '2021-05-23', 'Elective', 'Radiology', '2021-05-25', 'Orthopaedics');
insert into PatientEncounter(PatEncID, PatID, HealthCareProviderID, PatEncAdmitDate, AdmitType, AdmitLocation, PatEncDiscDate, DiscLocation) values (20063, 115, 3216, '2021-05-26', 'Urgent', 'Urology', '2021-05-29', 'Orthopaedics');
insert into PatientEncounter(PatEncID, PatID, HealthCareProviderID, PatEncAdmitDate, AdmitType, AdmitLocation, PatEncDiscDate, DiscLocation) values (20064, 106, 3228, '2021-06-02', 'Urgent', 'Nephrology', '2021-06-04', 'Intensive Care Unit (ICU)');
insert into PatientEncounter(PatEncID, PatID, HealthCareProviderID, PatEncAdmitDate, AdmitType, AdmitLocation, PatEncDiscDate, DiscLocation) values (20065, 106, 3251, '2021-06-09', 'Elective', 'Radiology', '2021-06-20', 'Critical Care');
insert into PatientEncounter(PatEncID, PatID, HealthCareProviderID, PatEncAdmitDate, AdmitType, AdmitLocation, PatEncDiscDate, DiscLocation) values (20066, 126, 3257, '2021-06-18', 'Urgent', 'Urology', '2021-06-30', 'Radiology');
insert into PatientEncounter(PatEncID, PatID, HealthCareProviderID, PatEncAdmitDate, AdmitType, AdmitLocation, PatEncDiscDate, DiscLocation) values (20067, 122, 3260, '2021-06-20', 'Elective', 'Intensive Care Unit (ICU)', '2021-06-25', 'Urology');
insert into PatientEncounter(PatEncID, PatID, HealthCareProviderID, PatEncAdmitDate, AdmitType, AdmitLocation, PatEncDiscDate, DiscLocation) values (20068, 115, 3228, '2021-06-23', 'Urgent', 'Urology', '2021-07-04', 'General Surgery');
insert into PatientEncounter(PatEncID, PatID, HealthCareProviderID, PatEncAdmitDate, AdmitType, AdmitLocation, PatEncDiscDate, DiscLocation) values (20069, 101, 3239, '2021-07-12', 'Urgent', 'Coronary Care Unit (CCU)', '2021-07-23', 'Radiology');
insert into PatientEncounter(PatEncID, PatID, HealthCareProviderID, PatEncAdmitDate, AdmitType, AdmitLocation, PatEncDiscDate, DiscLocation) values (20070, 129, 3253, '2021-07-25', 'Elective', 'Radiology', '2021-08-09', 'Haematology');
insert into PatientEncounter(PatEncID, PatID, HealthCareProviderID, PatEncAdmitDate, AdmitType, AdmitLocation, PatEncDiscDate, DiscLocation) values (20071, 113, 3235, '2021-08-01', 'Emergency', 'Orthopaedics', '2021-08-06', 'Coronary Care Unit (CCU)');
insert into PatientEncounter(PatEncID, PatID, HealthCareProviderID, PatEncAdmitDate, AdmitType, AdmitLocation, PatEncDiscDate, DiscLocation) values (20072, 111, 3260, '2021-08-06', 'Urgent', 'Radiology', '2021-08-20', 'Oncology');
insert into PatientEncounter(PatEncID, PatID, HealthCareProviderID, PatEncAdmitDate, AdmitType, AdmitLocation, PatEncDiscDate, DiscLocation) values (20073, 129, 3220, '2021-08-12', 'Emergency', 'Intensive Care Unit (ICU)', '2021-08-20', 'Haematology');
insert into PatientEncounter(PatEncID, PatID, HealthCareProviderID, PatEncAdmitDate, AdmitType, AdmitLocation, PatEncDiscDate, DiscLocation) values (20074, 108, 3253, '2021-08-16', 'Elective', 'Radiology', '2021-08-26', 'Discharge Lounge');
insert into PatientEncounter(PatEncID, PatID, HealthCareProviderID, PatEncAdmitDate, AdmitType, AdmitLocation, PatEncDiscDate, DiscLocation) values (20075, 101, 3251, '2021-09-09', 'Emergency', 'Nephrology', '2021-09-24', 'Intensive Care Unit (ICU)');
insert into PatientEncounter(PatEncID, PatID, HealthCareProviderID, PatEncAdmitDate, AdmitType, AdmitLocation, PatEncDiscDate, DiscLocation) values (20076, 102, 3263, '2021-09-19', 'Urgent', 'Coronary Care Unit (CCU)', '2021-09-27', 'Coronary Care Unit (CCU)');
insert into PatientEncounter(PatEncID, PatID, HealthCareProviderID, PatEncAdmitDate, AdmitType, AdmitLocation, PatEncDiscDate, DiscLocation) values (20077, 123, 3263, '2021-09-21', 'Elective', 'Orthopaedics', '2021-10-03', 'Critical Care');
insert into PatientEncounter(PatEncID, PatID, HealthCareProviderID, PatEncAdmitDate, AdmitType, AdmitLocation, PatEncDiscDate, DiscLocation) values (20078, 122, 3239, '2021-10-15', 'Elective', 'Urology', '2021-10-16', 'Critical Care');
insert into PatientEncounter(PatEncID, PatID, HealthCareProviderID, PatEncAdmitDate, AdmitType, AdmitLocation, PatEncDiscDate, DiscLocation) values (20079, 120, 3251, '2021-10-16', 'Urgent', 'Neurology', '2021-10-27', 'Nephrology');
insert into PatientEncounter(PatEncID, PatID, HealthCareProviderID, PatEncAdmitDate, AdmitType, AdmitLocation, PatEncDiscDate, DiscLocation) values (20080, 120, 3263, '2021-10-16', 'Elective', 'Neurology', '2021-10-20', 'Orthopaedics');
insert into PatientEncounter(PatEncID, PatID, HealthCareProviderID, PatEncAdmitDate, AdmitType, AdmitLocation, PatEncDiscDate, DiscLocation) values (20081, 118, 3260, '2021-10-28', 'Elective', 'Radiology', '2021-11-03', 'Radiology');
insert into PatientEncounter(PatEncID, PatID, HealthCareProviderID, PatEncAdmitDate, AdmitType, AdmitLocation, PatEncDiscDate, DiscLocation) values (20082, 128, 3239, '2021-10-29', 'Emergency', 'Intensive Care Unit (ICU)', '2021-11-13', 'Nephrology');
insert into PatientEncounter(PatEncID, PatID, HealthCareProviderID, PatEncAdmitDate, AdmitType, AdmitLocation, PatEncDiscDate, DiscLocation) values (20083, 121, 3260, '2021-11-06', 'Elective', 'Urology', '2021-11-07', 'Urology');
insert into PatientEncounter(PatEncID, PatID, HealthCareProviderID, PatEncAdmitDate, AdmitType, AdmitLocation, PatEncDiscDate, DiscLocation) values (20084, 110, 3231, '2021-11-10', 'Elective', 'General Surgery', '2021-11-15', 'General Surgery');
insert into PatientEncounter(PatEncID, PatID, HealthCareProviderID, PatEncAdmitDate, AdmitType, AdmitLocation, PatEncDiscDate, DiscLocation) values (20085, 118, 3216, '2021-11-14', 'Emergency', 'Oncology', '2021-11-28', 'Orthopaedics');
insert into PatientEncounter(PatEncID, PatID, HealthCareProviderID, PatEncAdmitDate, AdmitType, AdmitLocation, PatEncDiscDate, DiscLocation) values (20086, 106, 3228, '2021-11-25', 'Emergency', 'Intensive Care Unit (ICU)', '2021-11-29', 'Haematology');
insert into PatientEncounter(PatEncID, PatID, HealthCareProviderID, PatEncAdmitDate, AdmitType, AdmitLocation, PatEncDiscDate, DiscLocation) values (20087, 127, 3239, '2021-12-27', 'Emergency', 'Radiology', '2022-01-02', 'Radiology');
insert into PatientEncounter(PatEncID, PatID, HealthCareProviderID, PatEncAdmitDate, AdmitType, AdmitLocation, PatEncDiscDate, DiscLocation) values (20088, 125, 3235, '2021-12-28', 'Elective', 'Oncology', '2021-12-30', 'Oncology');
insert into PatientEncounter(PatEncID, PatID, HealthCareProviderID, PatEncAdmitDate, AdmitType, AdmitLocation, PatEncDiscDate, DiscLocation) values (20089, 107, 3260, '2022-01-08', 'Emergency', 'Orthopaedics', '2022-01-22', 'Critical Care');
insert into PatientEncounter(PatEncID, PatID, HealthCareProviderID, PatEncAdmitDate, AdmitType, AdmitLocation, PatEncDiscDate, DiscLocation) values (20090, 102, 3257, '2022-01-15', 'Emergency', 'Haematology', '2022-01-18', 'Urology');
insert into PatientEncounter(PatEncID, PatID, HealthCareProviderID, PatEncAdmitDate, AdmitType, AdmitLocation, PatEncDiscDate, DiscLocation) values (20091, 119, 3263, '2022-01-15', 'Elective', 'Radiology', '2022-01-25', 'Intensive Care Unit (ICU)');
insert into PatientEncounter(PatEncID, PatID, HealthCareProviderID, PatEncAdmitDate, AdmitType, AdmitLocation, PatEncDiscDate, DiscLocation) values (20092, 109, 3262, '2022-01-18', 'Emergency', 'Oncology', '2022-01-24', 'Orthopaedics');
insert into PatientEncounter(PatEncID, PatID, HealthCareProviderID, PatEncAdmitDate, AdmitType, AdmitLocation, PatEncDiscDate, DiscLocation) values (20093, 115, 3235, '2022-01-23', 'Urgent', 'Intensive Care Unit (ICU)', '2022-02-01', 'Oncology');
insert into PatientEncounter(PatEncID, PatID, HealthCareProviderID, PatEncAdmitDate, AdmitType, AdmitLocation, PatEncDiscDate, DiscLocation) values (20094, 123, 3228, '2022-01-25', 'Elective', 'Urology', '2022-02-03', 'Nephrology');
insert into PatientEncounter(PatEncID, PatID, HealthCareProviderID, PatEncAdmitDate, AdmitType, AdmitLocation, PatEncDiscDate, DiscLocation) values (20095, 103, 3239, '2022-02-16', 'Emergency', 'Urology', '2022-02-21', 'Intensive Care Unit (ICU)');
insert into PatientEncounter(PatEncID, PatID, HealthCareProviderID, PatEncAdmitDate, AdmitType, AdmitLocation, PatEncDiscDate, DiscLocation) values (20096, 105, 3235, '2022-02-20', 'Emergency', 'Nephrology', '2022-02-23', 'General Surgery');
insert into PatientEncounter(PatEncID, PatID, HealthCareProviderID, PatEncAdmitDate, AdmitType, AdmitLocation, PatEncDiscDate, DiscLocation) values (20097, 123, 3260, '2022-02-21', 'Urgent', 'Oncology', '2022-02-24', 'Coronary Care Unit (CCU)');
insert into PatientEncounter(PatEncID, PatID, HealthCareProviderID, PatEncAdmitDate, AdmitType, AdmitLocation, PatEncDiscDate, DiscLocation) values (20098, 109, 3239, '2022-02-25', 'Elective', 'Haematology', '2022-03-10', 'Coronary Care Unit (CCU)');
insert into PatientEncounter(PatEncID, PatID, HealthCareProviderID, PatEncAdmitDate, AdmitType, AdmitLocation, PatEncDiscDate, DiscLocation) values (20099, 124, 3216, '2022-03-17', 'Elective', 'Critical Care', NULL, NULL);
insert into PatientEncounter(PatEncID, PatID, HealthCareProviderID, PatEncAdmitDate, AdmitType, AdmitLocation, PatEncDiscDate, DiscLocation) values (20100, 118, 3257, '2022-03-17', 'Elective', 'General Surgery', NULL, NULL);
insert into PatientEncounter(PatEncID, PatID, HealthCareProviderID, PatEncAdmitDate, AdmitType, AdmitLocation, PatEncDiscDate, DiscLocation) values (20101, 102, 3257, '2022-03-17', 'Emergency', 'Haematology', NULL, NULL);
insert into PatientEncounter(PatEncID, PatID, HealthCareProviderID, PatEncAdmitDate, AdmitType, AdmitLocation, PatEncDiscDate, DiscLocation) values (20102, 109, 3262, '2022-03-17', 'Emergency', 'Oncology', NULL, NULL);
insert into PatientEncounter(PatEncID, PatID, HealthCareProviderID, PatEncAdmitDate, AdmitType, AdmitLocation, PatEncDiscDate, DiscLocation) values (20103, 101, 3251, '2022-03-18', 'Emergency', 'Nephrology', NULL, NULL);
insert into PatientEncounter(PatEncID, PatID, HealthCareProviderID, PatEncAdmitDate, AdmitType, AdmitLocation, PatEncDiscDate, DiscLocation) values (20104, 120, 3257, '2022-03-19', 'Emergency', 'Nephrology', NULL, NULL);
insert into PatientEncounter(PatEncID, PatID, HealthCareProviderID, PatEncAdmitDate, AdmitType, AdmitLocation, PatEncDiscDate, DiscLocation) values (20105, 129, 3263, '2022-03-25', 'Emergency', 'Intensive Care Unit (ICU)', NULL, NULL);
insert into PatientEncounter(PatEncID, PatID, HealthCareProviderID, PatEncAdmitDate, AdmitType, AdmitLocation, PatEncDiscDate, DiscLocation) values (20106, 114, 3262, '2022-04-02', 'Elective', 'Coronary Care Unit (CCU)', NULL, NULL);
insert into PatientEncounter(PatEncID, PatID, HealthCareProviderID, PatEncAdmitDate, AdmitType, AdmitLocation, PatEncDiscDate, DiscLocation) values (20107, 116, 3237, '2022-04-04', 'Urgent', 'Radiology', NULL, NULL);
insert into PatientEncounter(PatEncID, PatID, HealthCareProviderID, PatEncAdmitDate, AdmitType, AdmitLocation, PatEncDiscDate, DiscLocation) values (20108, 128, 3239, '2022-04-05', 'Emergency', 'Nephrology', NULL, NULL);
insert into PatientEncounter(PatEncID, PatID, HealthCareProviderID, PatEncAdmitDate, AdmitType, AdmitLocation, PatEncDiscDate, DiscLocation) values (20109, 115, 3253, '2022-04-06', 'Emergency', 'Oncology', NULL, NULL);
insert into PatientEncounter(PatEncID, PatID, HealthCareProviderID, PatEncAdmitDate, AdmitType, AdmitLocation, PatEncDiscDate, DiscLocation) values (20110, 130, 3237, '2022-04-07', 'Emergency', 'Intensive Care Unit (ICU)', NULL, NULL);

----- SymptomDetails---


insert into SymptomDetails(SymCode, SymName) values (0, 'N/A');
insert into SymptomDetails(SymCode, SymName) values (10, 'Abdominal pain');
insert into SymptomDetails(SymCode, SymName) values (11, 'Chest Pain');
insert into SymptomDetails(SymCode, SymName) values (12, 'Stomach Flu');
insert into SymptomDetails(SymCode, SymName) values (13, 'Weight loss');
insert into SymptomDetails(SymCode, SymName) values (14, 'Fever');
insert into SymptomDetails(SymCode, SymName) values (15, 'Fatigue');
insert into SymptomDetails(SymCode, SymName) values (16, 'Nausea');
insert into SymptomDetails(SymCode, SymName) values (17, 'Jaundice');
insert into SymptomDetails(SymCode, SymName) values (18, 'Anxiety');
insert into SymptomDetails(SymCode, SymName) values (19, 'Bad cough');
insert into SymptomDetails(SymCode, SymName) values (20, 'Vomiting');
insert into SymptomDetails(SymCode, SymName) values (21, 'Internal Bleeding');
insert into SymptomDetails(SymCode, SymName) values (22, 'Skin Infection');
insert into SymptomDetails(SymCode, SymName) values (23, 'Anal Pain');
insert into SymptomDetails(SymCode, SymName) values (24, 'Back Pain');
insert into SymptomDetails(SymCode, SymName) values (25, 'Blood Clots');
insert into SymptomDetails(SymCode, SymName) values (26, 'Epiphora');
insert into SymptomDetails(SymCode, SymName) values (27, 'Painful Urination');
insert into SymptomDetails(SymCode, SymName) values (28, 'Hyperhidrosis');
insert into SymptomDetails(SymCode, SymName) values (29, 'Blurry Vision');
insert into SymptomDetails(SymCode, SymName) values (30, 'Joint Pain');
insert into SymptomDetails(SymCode, SymName) values (31, 'Shortness in breath');
insert into SymptomDetails(SymCode, SymName) values (32, 'Headache');
insert into SymptomDetails(SymCode, SymName) values (33, 'Disorientation');



------------